<?xml version="1.0" encoding="ISO8859-1" ?>
<sites>
	<site nom="ELT">
	  <batiment>
		<nom>Descartes</nom>
		<code>BU-A1-B1</code>
		<acces>carte</acces>
		<niveau>CD</niveau>
	  </batiment>
	  <batiment>
		<nom>Voltaire</nom>
		<code>BU-A1-B4</code>
		<acces>libre</acces>
		<niveau>NP</niveau>
	  </batiment>
	  <batiment>
		<nom>Diderot</nom>
		<code>BU-A2-B3</code>
		<acces>libre</acces>
		<niveau>NP</niveau>
	  </batiment>
	</site>
	<site nom="TLS">
	  <batiment>
		<nom>Newton</nom>
		<code>BAT-N2</code>
		<acces>carte</acces>
		<niveau>SD</niveau>
	  </batiment>
	</site>
</sites>